licensed fresh chair,Et quis ut. Eos sit qui est ratione aut voluptas voluptates aperiam. Unde voluptatem vel.,0
tasty fresh bacon,Id ea sed atque vitae. Consequuntur eum non eligendi in. Iste illo consectetur mollitia.,0
ergonomic rubber ball,Ut quaerat sunt pariatur necessitatibus sint voluptatem dolorem aspernatur. Aspernatur qui rerum culpa. Aliquid itaque sapiente provident quibusdam repellat esse velit eum magni. Est autem aut cum.,0
fantastic cotton tuna,Maiores nihil sed asperiores est unde voluptatem incidunt. Commodi qui adipisci et quibusdam esse ut est sed. Ut repudiandae nihil dolorem et dolorem a possimus soluta sit. Et nihil distinctio. Ducimus beatae voluptas odit totam animi.,0
unbranded wooden bacon,Ut vitae sed velit et est quisquam consectetur exercitationem. Numquam deleniti explicabo eveniet inventore molestiae. Rerum in tenetur quos necessitatibus consequatur accusantium qui. Est aut non distinctio architecto ut explicabo necessitatibus. Enim unde sed quis qui quaerat nesciunt quo. Omnis veniam voluptas ut qui ut quia alias quis.,0
handmade wooden mouse,Illo beatae excepturi aut. Molestiae et similique vitae nulla impedit aut hic aliquam dolorem. Eos consequuntur doloribus quisquam rem et autem velit nemo. Ex suscipit consectetur consectetur est dolor nam et ullam.,0
handmade metal salad,Quis qui ducimus officiis quos. Natus qui et eius nam et veritatis amet ea ratione. Quaerat autem saepe ipsam odit porro.,0
licensed soft soap,Consectetur dolorem exercitationem consequuntur in unde dolores. Minima enim unde id. Qui et voluptate excepturi. Voluptatem quia labore unde blanditiis et.,0
intelligent soft chicken,Quis sapiente mollitia. Inventore qui quia eaque expedita exercitationem non. Laborum laboriosam quidem esse. Voluptas unde unde consectetur.,0
ergonomic fresh cheese,Voluptates et voluptatem maxime qui ea. Facere aut quia velit facilis libero et rem. Magni eos repudiandae impedit voluptas magnam velit voluptatem vitae voluptas. Minus numquam est atque consequatur adipisci reprehenderit est.,0
fantastic granite chicken,Id nemo veritatis esse qui ipsa. Quod possimus vero ab vel hic eaque quod et. Voluptatem ut corporis id vel rerum nihil quam et alias. Inventore harum dolores et temporibus voluptas atque distinctio amet.,0
incredible plastic keyboard,Exercitationem vel aperiam officiis voluptatem eum quia vel alias aut. Debitis quos odio atque eos. Esse architecto consequuntur saepe qui nemo omnis in eos. Est eius officiis omnis consectetur suscipit rerum numquam et culpa.,0
generic concrete pants,Cupiditate dolores vero quaerat sit sint error et. Voluptatibus et blanditiis. Delectus tempora voluptate aspernatur nostrum eligendi quis ullam. Quaerat est explicabo est quisquam.,0
tasty rubber gloves,Reiciendis rerum neque nihil eius. Repellat autem perferendis vel deleniti. Excepturi quae non possimus. Aut necessitatibus natus ut.,0
rustic frozen car,Et aliquam omnis porro eligendi. Illo optio consequatur est omnis molestiae alias qui in nemo. Nostrum quia iusto ducimus ab error placeat culpa iusto qui. Est error quisquam odit est. Deleniti similique eveniet qui qui omnis.,0
unbranded fresh fish,In eius odio autem. Blanditiis nihil dolor nam animi. Harum libero et nesciunt provident. Sint hic quibusdam deleniti ab dolores quia tempore aut voluptas. Quia labore fugit dolores aut.,0
unbranded metal chicken,Beatae et unde laboriosam quae et sed. Culpa exercitationem eum ut aut est id sunt. Occaecati illo reiciendis id nobis mollitia recusandae dolor. Hic rerum consequatur sunt pariatur omnis. Officiis adipisci suscipit architecto deleniti veniam. Ut distinctio dolore a tempore eum et eligendi molestiae.,0
intelligent soft shirt,Deleniti iure blanditiis aperiam laboriosam. Reprehenderit repellendus rem voluptas eius sed consequuntur vitae sed eum. Quia voluptas quas. Quos aut quo doloremque sit autem. Tempore neque consequatur aliquid exercitationem enim sequi et velit. Id blanditiis molestiae.,0
ergonomic frozen fish,Itaque debitis aut et omnis numquam vel eum quasi. Quia ducimus voluptatem. A cupiditate rerum necessitatibus voluptas.,0
sleek cotton soap,Illo voluptates dolore vitae quisquam. Cum quia dolorem. Consequatur sequi nihil magnam molestiae eaque non aut voluptates labore. Qui sint neque architecto expedita repudiandae. Aperiam libero reiciendis quia deleniti odit sed vel dolores odio.,0
tasty steel shoes,Enim exercitationem repudiandae nihil omnis maxime autem. Vero aut soluta. Dicta at perspiciatis molestias velit.,1
fantastic soft towels,Dolore nostrum consequatur vitae voluptatem nemo dolores quis dolores. Enim expedita facilis soluta ut ut ad voluptatem maxime rerum. Et illum sunt culpa ullam nam. Ipsa voluptas accusamus accusantium.,1
sleek concrete pizza,Voluptates sunt nemo qui. Dolor maiores sed sequi porro reprehenderit quia facilis. Et dolorum unde praesentium numquam.,1
licensed soft chair,Atque iure cum delectus autem ducimus deserunt. Itaque omnis et vel. Pariatur magni earum debitis porro neque eum omnis eius recusandae. Neque exercitationem ipsa et sint rerum necessitatibus.,1
ergonomic cotton car,Qui dolor accusantium. Recusandae tenetur quasi. Reiciendis ad aut aut amet. Quia perspiciatis dolorem soluta.,1
small wooden shirt,Ab qui possimus est vero voluptatem id nihil deserunt. Velit perspiciatis sit non aut autem dolorem modi fugiat. Similique non aut voluptatibus vitae eligendi illo et. Error cupiditate rerum libero deleniti ipsa eaque laborum consequuntur. Vitae reiciendis asperiores.,1
practical plastic computer,Sunt est quasi excepturi quod distinctio officiis eum. Iure modi molestiae repellendus dolorum. Consectetur et a.,1
handmade frozen chips,Magni omnis provident corrupti eum sed. Occaecati repellat sequi quo quas dolorem rerum sit id id. Autem ex voluptas nihil. Consequatur corrupti eligendi et. Asperiores deleniti perspiciatis ullam dicta id. Inventore quia officia.,1
practical frozen pizza,Quisquam veniam est quis magni consectetur in non quia. Recusandae asperiores temporibus quidem debitis. Quos illo accusantium et officiis facilis qui debitis. Quia excepturi libero tenetur eos corporis. Sed est officia rerum. Nam omnis et vel accusantium tempora laboriosam odio veniam.,1
fantastic plastic fish,Necessitatibus ad impedit nihil minus ut maiores ut. Veniam eum dignissimos. Dolor quas porro eos dicta rerum ducimus illo autem. Recusandae debitis vero magni quisquam. Sint ut voluptatum adipisci facilis error et facilis rerum sapiente. Dignissimos nihil corrupti et consectetur.,1
practical soft shirt,Nostrum ut omnis non qui quia. Ex nobis laborum provident nam ab. Ea id illum accusantium. Dolorem laborum accusamus dolor voluptas. Illum amet aut veritatis.,1
intelligent plastic table,Perspiciatis magnam ut. Accusantium laudantium provident cupiditate doloremque distinctio asperiores. Vel placeat aut voluptatem expedita deserunt atque quia autem.,1
licensed concrete hat,Molestias nobis voluptatem sed deleniti. Eaque quia ipsam dolores molestiae accusantium. Natus repudiandae ut vel suscipit dolorem voluptas repellat. Quaerat consequatur eaque quibusdam rerum. Unde architecto ut dolore. Voluptas minus est quia rerum reprehenderit.,1
awesome wooden hat,Illo quo aut corporis sapiente autem. Id aut eius. Inventore cum dolorum. Recusandae voluptatem quod excepturi eius. A rem ipsam dolorum quisquam totam ratione impedit.,1
tasty wooden chair,Optio qui sequi veniam iure fugiat omnis dolore voluptatem tenetur. Maiores illo repudiandae fugiat aut sed reprehenderit quas cum ipsam. Necessitatibus perferendis est voluptas ipsum consequatur consequuntur quia vero ipsum. Nisi doloremque iusto ut adipisci saepe tempore aliquam. Temporibus voluptatem et molestiae sit. Facilis omnis aut molestiae perspiciatis laboriosam aut dolor.,1
tasty steel tuna,Optio veritatis reprehenderit qui aperiam est aut reiciendis. Fugit beatae dignissimos. Dolorum delectus nam rem iusto.,1
rustic granite towels,Sit voluptatem a numquam id facilis. Et id officia. Rem voluptas nisi recusandae ipsum nisi ipsam. Praesentium asperiores ad non fugit minus. A ea illo. Laborum facere et ab nam.,1
intelligent rubber computer,Voluptatum earum est vel. Velit eius ea est eos rerum architecto aut corporis quia. Ipsa ipsa veniam ipsa. Libero commodi nihil tempora impedit sint fugit.,1
refined soft computer,Tempora et fuga. Asperiores et et reprehenderit. Quis et inventore eos dignissimos consectetur. Molestiae tempora in. Hic quae nesciunt unde esse dolorem officiis fugiat soluta minima. Eius in et ut suscipit.,1
tasty frozen cheese,Voluptatem laudantium qui corporis fuga pariatur. Qui ut qui. Doloribus quasi sit alias voluptas commodi aliquid id qui omnis. Omnis amet pariatur magni et voluptate maxime voluptate dolores quos.,1
gorgeous steel mouse,Porro ea ducimus voluptate dolorum voluptas. Totam harum placeat enim deserunt numquam. Ipsa quasi odit molestias. Officiis numquam et consequuntur dolorem architecto. Officiis necessitatibus sed. Ullam aut quis nulla.,2
handcrafted cotton bike,Dignissimos minus eveniet aut aut dolorum rerum. Vitae debitis debitis. Expedita impedit doloremque ipsa explicabo. Voluptatibus velit aut sit quos libero dolor nam qui. Iusto asperiores non et maiores. Et adipisci et quaerat eius sapiente aut iusto numquam.,2
gorgeous metal mouse,Reiciendis laudantium qui ut natus sit in occaecati nisi sit. Minus sint doloremque commodi ratione non. Quas debitis laborum et eos officia et dolores eos. Architecto et iure doloremque natus sint repudiandae quia accusantium nihil. Iusto odio cumque dolores magnam vero assumenda.,2
unbranded fresh shoes,Libero nam quod ullam. Incidunt doloribus sequi ut consequatur ipsum tenetur. Fugit et dolorem culpa eveniet laudantium quia non. Rerum necessitatibus quisquam dolores numquam dolor eos excepturi. Ut eum cum voluptas optio earum et assumenda consectetur.,2
intelligent rubber bacon,Dolores aut quo itaque corporis repudiandae eveniet. Fugiat ut nesciunt ut deserunt fuga aut porro. Sint doloribus quam expedita dolor dolor vero aut eligendi et.,2
handmade fresh pizza,Repellendus cumque rerum est eaque vel aut accusantium. Provident quaerat suscipit quas minus fugiat. Quod voluptatibus ducimus autem atque. Voluptates ut quae rerum consectetur aut explicabo quidem numquam accusantium.,2
handcrafted metal chair,Magnam distinctio eos. Sapiente vel eligendi. Ea dolores assumenda.,2
ergonomic metal pants,Assumenda mollitia incidunt omnis aut vel aut accusamus. At ut omnis. Omnis dolor sint fugit consequuntur sed saepe dolores. Quaerat maiores sapiente consequatur doloremque veritatis. Mollitia ut mollitia.,2
licensed soft pizza,Nam rerum nemo ipsam reprehenderit voluptas perspiciatis maxime. Consequatur ut omnis numquam. Autem dicta et qui et.,2
small frozen pants,Nihil recusandae maxime nisi laborum sint voluptas aliquid et. Ad doloremque eaque quisquam nihil ullam pariatur voluptas. Porro laudantium voluptate animi illum ab voluptates. Ut nihil in officiis maiores atque. Culpa magni magnam nulla ut ad consequatur consequatur omnis.,2
gorgeous metal fish,Fugit explicabo odio maxime modi perspiciatis et occaecati et ut. Praesentium molestiae neque et corporis culpa. Sunt dolores est. Delectus distinctio nemo vitae quibusdam est consequatur velit possimus.,2
tasty frozen shoes,Et provident nesciunt libero. Consequuntur vitae quo impedit est. Alias quo tempore necessitatibus id fugiat velit amet. Nihil qui voluptas error ut quod.,2
sleek fresh gloves,Sit repellendus consectetur rem quaerat quo. Quos animi sit iste. Eius ex id dolorum quia aut perferendis iste.,2
tasty soft cheese,Expedita aspernatur et autem placeat ut debitis occaecati voluptate. Repudiandae necessitatibus odio odio. Saepe est quasi sit sint. Et aut sit et et ut.,2
rustic frozen chips,Labore eos fugiat officiis dolor sit. Distinctio culpa sit error eius autem. Eum ut autem vel est laboriosam in.,2
intelligent soft pants,Ipsum nihil earum debitis rerum sunt. Sit molestiae sint expedita aut rem voluptatem. Quo cumque qui amet excepturi animi vero dolorem exercitationem ut.,2
tasty concrete chips,Ut mollitia et voluptas distinctio cum fugiat. Ducimus illum ut et non et libero ut. Molestiae numquam consectetur sunt et earum totam nobis. Non reiciendis tenetur nihil est nihil autem accusamus ducimus. Iusto aut quia quos iure vero sequi dolorem ab eos.,2
generic granite salad,Et voluptatum voluptatem inventore laudantium. Eos quia eaque occaecati ad iusto voluptas. Aut est cum facilis et praesentium dolorum nulla harum.,2
fantastic wooden chicken,Iste minus eius soluta. Atque exercitationem et perspiciatis dignissimos pariatur laudantium. Voluptatem veritatis rerum sed eius neque non enim itaque labore. Temporibus alias aut autem molestias qui cumque enim rerum. Laborum autem autem ut dolorem voluptas exercitationem. Provident consequatur eum.,2
handmade concrete chair,Quos dicta omnis quia facere similique deleniti voluptate illum tempore. Veniam voluptatem reprehenderit dignissimos vero necessitatibus ut et vel eius. Ut aliquid rerum commodi. Mollitia tempora quod quisquam quis eligendi facere ipsa aut eum. Deserunt alias sit culpa at voluptatibus labore autem.,2
handcrafted steel hat,Consequatur aliquid dolor provident eaque in molestias provident. Molestiae commodi aperiam occaecati. Id facilis in corrupti accusantium repudiandae et molestiae quo praesentium.,3
gorgeous concrete mouse,Expedita repellat non itaque dolor aliquam ipsam qui veritatis unde. Tempora est omnis accusantium commodi. Voluptatum occaecati et minus nihil. Sunt id inventore error ab ipsum veritatis quia non sint.,3
licensed soft chicken,Praesentium nam quae consectetur nesciunt facere quam ad ut architecto. Assumenda dignissimos quis unde quia sint voluptatem voluptatem voluptas placeat. Sunt qui id aut nihil consectetur. Nostrum sit ut ab impedit voluptatibus molestias expedita sit. Voluptatem eveniet enim minima modi et.,3
unbranded fresh pizza,Temporibus quis tenetur earum rerum rerum ad consequatur qui tempora. Enim temporibus reprehenderit id. Non sed et omnis quasi consequatur vero quae rem.,3
intelligent plastic chair,Reprehenderit dolores odio nulla ipsa cumque dolore. Commodi sapiente fugit ut alias aut autem quam. Qui libero consequatur sint voluptatem soluta. Quia sit corporis facilis. Odio fugiat vero laborum culpa quis quia et qui.,3
handmade metal chicken,Vitae repudiandae quo optio dolores. Minima suscipit odit suscipit qui consequatur officia fugit. Qui commodi sunt sapiente quae et consequuntur temporibus enim. Eveniet inventore qui sequi in voluptatibus. Et ut beatae dolores harum tempora.,3
rustic granite chips,Veritatis quia neque eligendi ut a. Nobis dolores qui et deleniti sit. Culpa aut sequi ullam corporis debitis. Ab mollitia odit facilis explicabo culpa inventore. Eveniet rerum sit eius ad est id illum et. Dolor veritatis asperiores dolorem deserunt provident eum quia repellat necessitatibus.,3
handcrafted metal bike,Cum velit est voluptate recusandae eos. Molestias vel culpa. Iusto ex doloremque. Qui voluptatem veritatis et sed libero consequuntur commodi. Sunt repudiandae delectus doloribus consequatur deserunt ratione.,3
rustic granite cheese,Perferendis vel ratione iste dolor et aliquid. Nam sit at ut ut. Tenetur aut sit accusamus quia vero voluptas. Assumenda iste dolores quod.,3
fantastic metal hat,Aperiam perspiciatis velit magnam in. Id exercitationem natus fugit quis. Ducimus voluptate porro totam voluptatum commodi aperiam.,3
gorgeous rubber chair,Aut soluta cupiditate itaque maiores. Consequatur rem possimus qui. Blanditiis quam ut. Recusandae omnis unde ut doloremque sed eius ab. Id rerum id ut.,3
small granite chips,Est eaque excepturi nemo cupiditate. Culpa nobis similique ipsam velit. Error ut sit.,3
incredible rubber chicken,Sint quia minus illo tempore hic. Ad consectetur tempora voluptatem asperiores eveniet. Libero quis et magni doloremque cupiditate. Ad provident quidem.,3
awesome fresh bike,Ea atque repellendus quia earum et eos. Facere delectus perspiciatis impedit ut et optio beatae. Aperiam sit sint veritatis maxime inventore minus possimus. Eos rem ut aperiam quibusdam reiciendis soluta rerum.,3
intelligent metal chicken,Iusto aut suscipit enim et voluptatibus consequatur sapiente. Numquam perspiciatis nostrum vero commodi adipisci et facere sed assumenda. Ad autem necessitatibus ullam laborum laboriosam culpa voluptatem eos. Eius earum amet hic sed libero.,3
handmade steel bacon,Maiores commodi libero odio sequi. Nulla repellat accusamus repudiandae omnis nihil laboriosam nulla veniam. Ad quisquam quia eligendi asperiores adipisci.,4
tasty rubber towels,Placeat dolores consequuntur. Adipisci quis nisi. Occaecati et eligendi a at placeat fuga eius. Itaque ut suscipit magni error voluptatem et et est aliquid. Labore atque laborum rem in est deleniti iure sunt sint. Beatae blanditiis quis aliquam.,3
licensed granite towels,Facere consequuntur sint qui similique ut culpa voluptatum quia praesentium. Delectus animi odio pariatur ut facilis. Provident qui perspiciatis dicta quibusdam non laborum consequatur nemo.,3
tasty soft car,Tempore et rerum doloribus aliquid tempore dolorem necessitatibus. Quia excepturi laborum ducimus aliquid blanditiis accusantium. Dicta provident maxime cupiditate iure est dolores accusamus voluptas.,3
refined granite table,Et maxime ut repellendus quae incidunt laboriosam est laborum. Ex omnis aut. Non id voluptas ratione voluptas porro illum ullam ratione. Vel odit est tempora commodi ea.,3
handmade plastic tuna,Magnam velit at omnis repellendus. Sit deserunt voluptas quis repudiandae facere. Perspiciatis ea non ad. Ipsam deleniti eos. Ullam temporibus deserunt.,3
sleek soft pizza,Libero qui enim ad laudantium tempore. Quas et non minima. Voluptatem atque praesentium et beatae facilis.,4
practical cotton pants,Quibusdam officia esse suscipit aut. Eligendi tempora deleniti possimus placeat nulla. Sit voluptas nobis autem reiciendis.,4
unbranded steel salad,Necessitatibus ipsa eos id maxime necessitatibus perspiciatis quia et. Qui perferendis in neque commodi inventore cumque. Qui a similique consequatur est et hic. Voluptates officiis ad explicabo libero autem eum. Repudiandae deserunt culpa. Asperiores sed sit sunt quidem ex.,4
rustic wooden shirt,Ex qui maxime quam omnis est. Quibusdam possimus voluptas vitae ipsum nisi alias natus. Quam sint ut distinctio magni et quod.,4
incredible concrete shoes,Illo magni omnis vel beatae est sit aut autem. Sunt odio aut aliquid ipsa tenetur voluptas suscipit explicabo et. Est voluptatem voluptatibus similique sint animi non aut non. Reiciendis velit quos labore dolore quia tenetur dolores repellat. Et explicabo id ut pariatur ipsa iure velit cupiditate. Et velit rerum earum non qui.,4
small plastic table,Aliquam sed doloribus. Enim amet rem est magni voluptatem maxime magni repellendus eos. Quis nihil facilis facilis officiis ratione aperiam earum repellat voluptatem.,4
rustic rubber computer,Nobis inventore quibusdam placeat. Aliquid temporibus et. Nemo quis quas quod facilis neque possimus pariatur. Veritatis pariatur quas consequatur numquam inventore. Id nesciunt sed laborum nulla.,4
intelligent plastic keyboard,Quia voluptatem eaque blanditiis nisi non corporis sint. Minima adipisci doloribus doloribus iure. Eveniet aspernatur beatae qui velit soluta sunt. Ut illo est culpa officia nam ullam omnis.,4
rustic frozen bike,Assumenda pariatur aut alias aperiam voluptatem eos. Alias similique nobis iste. Consequatur pariatur dolore quae placeat aut. Omnis nisi commodi sapiente aperiam iste ea deleniti.,4
rustic soft chips,Illum quaerat eligendi animi est quia. Ratione tenetur occaecati rem voluptates. Magni voluptate fugit totam impedit necessitatibus odio. Ea ratione illo sed. Sint dolores nemo ipsa libero. Ut corrupti exercitationem magni nihil alias rerum.,4
intelligent rubber cheese,Molestias libero minus inventore. Vel praesentium quia accusantium debitis illum possimus sit at molestiae. Accusamus impedit minima.,4
intelligent frozen soap,Omnis eum soluta qui at excepturi voluptas sunt iste dolores. Est expedita quibusdam qui placeat. Amet nemo minima. Ut in harum debitis animi impedit optio ea.,4
small concrete chair,Quibusdam mollitia qui deserunt. Ea exercitationem sunt doloribus commodi nesciunt temporibus quae quos. Nesciunt voluptatibus iusto ut nam temporibus nesciunt temporibus esse ea. Dolor voluptatem numquam repellat non amet quis dicta.,4
sleek rubber towels,Qui et hic similique id. Nisi sint est adipisci voluptatibus quis dolores voluptatem quaerat. Et minus est. Qui magni temporibus maxime consectetur. Quo modi sit consequatur tempore. Atque non et et qui veritatis qui.,4
unbranded plastic salad,Expedita quas veritatis dolorem. Hic temporibus et voluptatem quia magnam voluptatibus officiis consequuntur. Odit ea cupiditate est et necessitatibus nam sapiente.,4
refined concrete chicken,Eligendi maxime quia aliquam dolores laudantium ratione repellendus. Ut aspernatur quibusdam cum omnis autem blanditiis. Libero omnis adipisci vitae doloribus.,4
licensed wooden chair,Perferendis impedit tenetur impedit officiis. Reiciendis amet eius at porro quidem deleniti. Numquam eum consequatur qui.,4
refined concrete fish,Vel nihil illum sit in nemo et aut molestiae. Ipsam impedit odio maxime. Et ut ut ducimus dolores nulla. Et assumenda deleniti reprehenderit et quo voluptatum.,4
small frozen shirt,Qui et eaque quasi error. Voluptas possimus similique quis aperiam. Dolorem consequatur libero ad quae nisi vitae hic in.,4
