gorgeous concrete mouse	Eum expedita quis expedita odio fuga numquam. Velit deserunt temporibus. Ratione magnam facilis culpa quaerat qui iure deserunt sit qui. Non provident aut dolorem. Laudantium tenetur eius dolor iure. Aut voluptatem aspernatur id et sint dolore maxime ipsum ad.	NOW()	NOW()
licensed concrete shoes	Quia eos ad doloremque. Beatae tempore aliquam. Enim nostrum in dolorem.	NOW()	NOW()
small rubber gloves	Veniam quas iure voluptatum. Velit magnam molestias nam accusantium sequi. Dolor voluptatum molestiae. Enim ut enim aut natus. Molestias vitae est maxime porro rerum ipsum possimus. Quo unde itaque eius doloribus laboriosam voluptas.	NOW()	NOW()
gorgeous concrete car	Ab neque accusantium. Neque qui animi qui cupiditate ut. Animi perspiciatis optio. Qui quasi placeat alias et dignissimos. Et voluptatum voluptas. Est veniam quo consequatur non.	NOW()	NOW()
tasty soft salad	Dolor aut vel id saepe est tempora ut quis deleniti. Ratione modi eveniet unde voluptatum. Alias nobis ut consequatur. Dolores ipsam rerum iusto quasi veniam eligendi a perferendis sapiente. Ut laborum sit nemo. Necessitatibus architecto unde cupiditate.	NOW()	NOW()
tasty granite shirt	Qui officia sunt omnis est veniam. Fuga labore quia expedita deserunt deleniti. Quibusdam placeat eum voluptatem consequatur. Iure sunt et minus possimus beatae quod animi quidem. Dolorem dolore amet vero laboriosam ut corrupti in itaque dolor.	NOW()	NOW()
sleek cotton table	Rerum facere odio est. Quibusdam odit suscipit. Exercitationem ut aut sunt. Distinctio ipsa quo sed sed sapiente qui. Tempore quas sunt odit quo consequatur eos.	NOW()	NOW()
intelligent frozen mouse	Corrupti voluptates harum. Molestiae architecto ut rem aut est facere doloribus. Veritatis perferendis consequatur est ut quo est. Aliquid blanditiis mollitia qui et iste.	NOW()	NOW()
generic metal hat	Dolorem harum voluptatum. Consequatur excepturi et dolorem et. Omnis sed esse.	NOW()	NOW()
tasty wooden tuna	Dolorem et mollitia qui et totam facilis ut. Molestiae et placeat dignissimos aliquam. Qui eligendi quam optio. Odit dolores est. Ea consequatur rem. Mollitia magnam architecto molestias quia.	NOW()	NOW()
tasty soft pizza	A quibusdam corporis accusantium aspernatur alias dolores. Rerum consectetur aut alias ipsam quae enim recusandae exercitationem minus. Itaque mollitia corporis amet impedit qui eligendi atque totam.	NOW()	NOW()
gorgeous plastic keyboard	Quae dolorum optio rem ut expedita rerum est similique sed. Neque voluptas ex adipisci animi laboriosam illo dolor quo. Quia ipsa reprehenderit incidunt deserunt similique nulla cumque. Aut quod odit sunt et facilis distinctio quidem nihil et. Et quam facilis ut est dolorem.	NOW()	NOW()
handcrafted rubber towels	Ut ad vero eveniet odit dolor eveniet repudiandae voluptas. Eligendi voluptate reiciendis. Architecto voluptatem laudantium minima aperiam dolores ducimus suscipit consequatur. Perspiciatis corrupti repudiandae est dicta ullam beatae sit omnis libero.	NOW()	NOW()
handmade concrete bike	Et quam ut autem. Corrupti ipsam quia eos ducimus eius est. Praesentium nemo quasi doloribus delectus ab non. Sed consequuntur quis voluptas in voluptatem. Maxime doloremque delectus ut. Quo tempore ut tempora tempore incidunt inventore.	NOW()	NOW()
ergonomic steel sausages	Molestiae voluptas ut. Aut harum vel vel consequatur. Quasi reiciendis impedit voluptatum dicta quidem voluptas inventore et. Sequi nihil iste dolorum non. Et voluptatem ea facilis doloremque.	NOW()	NOW()
refined cotton chips	Assumenda molestiae quo dolores est quia ut omnis repudiandae dolorum. Itaque aspernatur tenetur eum voluptatibus animi iste laborum corrupti veniam. Et quo corporis fugit incidunt aut qui dignissimos perferendis ut. Ducimus quidem iure est est vero odit consectetur enim consequatur. Repudiandae amet accusamus necessitatibus et autem. Et sunt eveniet quod et aut.	NOW()	NOW()
handmade cotton chips	Deserunt ab id. Quis ducimus et assumenda. Qui quibusdam sint ex. Libero asperiores ipsa dolor pariatur voluptas porro numquam. Est voluptates ea quas. Libero facilis cumque ut ex neque temporibus veritatis.	NOW()	NOW()
intelligent rubber shoes	Quis libero illum tempora. Quisquam itaque aut. Quaerat et consequatur odit ut. Dolorem quas ut rerum alias quam sit eius vel nemo. Porro debitis accusantium voluptas ex.	NOW()	NOW()
incredible cotton soap	Illo mollitia eligendi commodi. Alias perferendis maxime cupiditate illum aut necessitatibus. Aut molestias porro velit consequatur veniam quod praesentium. Rerum porro velit sit nisi et non.	NOW()	NOW()
gorgeous metal chicken	Distinctio facilis consectetur et quia eveniet. Ad omnis laboriosam inventore et ratione suscipit ut nesciunt. Officiis dignissimos in iste repudiandae quia minus sed nemo adipisci. Consectetur ut in cum iure. Quia sit in voluptatem dicta assumenda autem. Enim nesciunt similique eligendi nostrum ut inventore enim.	NOW()	NOW()
generic wooden car	Et dolor aut nam. Assumenda aut quis. In dolores quidem fugit dolor ab quod sint. Nemo nobis et minus. Consequatur qui voluptas laudantium eos eos doloribus nobis eius facere. Corrupti quaerat deleniti nostrum velit laborum magnam.	NOW()	NOW()
refined steel mouse	Mollitia alias quae molestias iure vel. Reprehenderit facilis doloribus in velit. Blanditiis quos autem consequatur in est similique delectus.	NOW()	NOW()
handcrafted granite keyboard	Aut unde fugit ea sunt consectetur. Eum delectus ea debitis et. Assumenda ab ut eveniet repellat eaque aliquid reprehenderit nam. Labore sint a provident numquam dolorem aut in asperiores.	NOW()	NOW()
gorgeous metal computer	Enim enim explicabo esse iure esse voluptate modi quos eaque. In hic et quam suscipit qui laudantium aut. Nihil repellendus nisi necessitatibus est officia. Veniam voluptatem incidunt est rem natus dolores debitis et.	NOW()	NOW()
generic wooden shoes	Provident nesciunt at quae. Est ullam aliquid sit corrupti. Aut commodi maxime ut est. Quod sequi et. Sint est unde quibusdam aliquid et non perspiciatis non alias.	NOW()	NOW()
gorgeous rubber sausages	Ducimus dolor impedit occaecati reiciendis. Voluptatum minima esse unde occaecati sunt. Aut et aspernatur quidem doloribus ex nihil deleniti qui iure. Odio doloribus soluta ad est.	NOW()	NOW()
tasty wooden fish	In aut id sed fugit excepturi. Dolorum iste qui autem et blanditiis. Enim minus excepturi et libero assumenda debitis iusto tenetur harum. Provident est ut impedit itaque quod impedit est quia maiores.	NOW()	NOW()
generic fresh sausages	Sed sunt voluptatem voluptates repellat. Minus quia eum eos. Dolores cumque quisquam incidunt eos. Omnis voluptatem animi officia.	NOW()	NOW()
refined fresh bike	Officiis beatae est. Et ut est neque et voluptas. Natus dolorum veritatis alias deleniti dolor et repellendus enim. Quo doloribus voluptatem exercitationem delectus accusantium ut est debitis labore. Eveniet nihil est rerum vel earum.	NOW()	NOW()
tasty granite car	Fugit expedita eos a nostrum tempore nihil dolore. Ut fugit ipsam ut minus. Tempora et atque soluta fugiat molestiae rerum facere reprehenderit. Voluptas accusamus quia laboriosam pariatur dignissimos pariatur ex. Possimus id voluptatum provident unde excepturi.	NOW()	NOW()
handcrafted wooden soap	Alias omnis consequatur blanditiis quis sit temporibus unde consequuntur alias. Commodi cum quia tempora sed et adipisci voluptatibus. Quia ex nisi molestiae quam. Dolorem odio nam omnis impedit nam recusandae nostrum culpa. Beatae odio eius.	NOW()	NOW()
handmade wooden tuna	Maxime quasi officia debitis illum inventore vitae. Ipsa officia sequi repudiandae repellat. Quos in enim nihil ea. Consectetur dolores perferendis voluptas nostrum vero nihil iste. Est reiciendis fugiat ea incidunt sit est vel eius.	NOW()	NOW()
intelligent granite fish	Dolorem nobis iste ipsa perspiciatis eveniet id. Est perferendis qui dolorum repudiandae fugiat molestias. Est neque ut consequatur vitae corporis sed atque at et. Praesentium tenetur omnis blanditiis ratione consectetur rerum quisquam quia earum.	NOW()	NOW()
sleek concrete tuna	Voluptate officia in aut. Quia necessitatibus nesciunt nisi. Quia rerum iste laudantium. Nulla ab sunt tempore quia et tenetur repellat libero. Sapiente omnis at voluptas adipisci omnis placeat.	NOW()	NOW()
handmade soft hat	Nostrum maxime dolorem ipsa numquam rerum voluptas. Quis velit rerum esse molestias eos qui quis consectetur ex. Sed eum error minima quidem in aut aspernatur.	NOW()	NOW()
sleek steel pants	Velit eligendi odio quis debitis natus vitae recusandae. Quia ab totam sint ut enim vero. Voluptatibus temporibus dicta et porro. Amet perspiciatis architecto aliquam et quae non nulla et et. Accusantium molestiae esse cupiditate ut.	NOW()	NOW()
rustic steel shirt	Ipsum magnam reprehenderit ullam deleniti. Provident quos sit deleniti aut. Voluptas autem aut fuga aliquam exercitationem modi rem est. Atque illo assumenda aut voluptatum expedita odio. Autem incidunt sed sunt quis ut molestiae. Unde quidem corrupti aperiam officia.	NOW()	NOW()
practical granite shoes	Perferendis accusantium est dolor odio minus. Dolore qui aut quia provident perspiciatis voluptate qui adipisci. Sint similique sit explicabo possimus doloribus expedita velit voluptas facere. Veritatis repudiandae aperiam sint saepe deserunt sit ab atque dolorem.	NOW()	NOW()
refined wooden gloves	Nobis explicabo ipsum aut. Ut enim soluta id cupiditate sed. Ab sunt et vel adipisci. Consectetur magni maxime. Aliquam quia necessitatibus culpa. Et aut reprehenderit quia impedit rerum et quaerat necessitatibus.	NOW()	NOW()
fantastic steel computer	Qui dolor ullam ex et delectus ex. Quos rem et excepturi soluta quis rerum. Non ex commodi voluptatem eaque excepturi asperiores quae odio qui. Dolor similique assumenda provident. Quasi impedit et.	NOW()	NOW()
practical concrete shirt	Consectetur vel autem. Aliquam alias aut aut voluptatem amet error. Nostrum ullam repudiandae. Laboriosam repellendus sunt quis reprehenderit. Consequatur aliquam dolores et occaecati excepturi ut aut. Qui nostrum cumque ut debitis.	NOW()	NOW()
fantastic rubber chips	Quo ab ut sed. Accusantium eaque consequatur. Mollitia fugit itaque minus.	NOW()	NOW()
handmade concrete shirt	Eaque saepe doloribus. Libero inventore qui blanditiis itaque accusamus pariatur. Provident reprehenderit voluptas rerum nobis dolor aut at vel non. A suscipit qui repudiandae accusantium id qui quia error.	NOW()	NOW()
incredible wooden ball	Possimus quaerat quae autem ea amet dolores voluptatibus. Neque natus sequi sit neque similique a qui magnam nam. Ut ut vel perferendis et accusantium.	NOW()	NOW()
practical fresh pants	Qui dolorem excepturi enim nesciunt et explicabo. Placeat aut voluptatum ipsum facere ut. Doloremque culpa fuga tempora dolores necessitatibus delectus est sed. Molestiae dolores porro provident. Quo incidunt tempore.	NOW()	NOW()
licensed soft soap	Harum pariatur consectetur ut. Vitae et aperiam quasi. Esse assumenda excepturi. Libero nostrum recusandae excepturi. Cupiditate eum sit qui pariatur tempore neque. Aut fuga est reprehenderit rerum impedit voluptatem sint officiis.	NOW()	NOW()
small wooden pants	Delectus temporibus quo qui rerum. Iste ut tempora vel ducimus quis odio aut occaecati aut. Quasi voluptas ab quam voluptas. Qui iste et sed. Et qui et sint molestias consequatur.	NOW()	NOW()
handcrafted concrete computer	Consequatur omnis provident. Sit similique ut optio a similique tempore iusto velit. Ipsa omnis autem consequatur enim aliquam animi et sint. Voluptas atque esse sit quos omnis et. Odio est modi neque et consequuntur. Ut quaerat et.	NOW()	NOW()
gorgeous soft table	Illo perspiciatis impedit aperiam asperiores quia sunt reprehenderit unde sint. Fugiat libero sit aut inventore. Corrupti sint laboriosam.	NOW()	NOW()
generic granite bike	Quod et iure omnis ea. Nostrum rerum qui. Repellat voluptatem sed natus repudiandae a alias. Sit quae et. Ut corporis beatae maxime est.	NOW()	NOW()
awesome concrete tuna	Et suscipit quis pariatur voluptatem quos ipsum. Est consequatur numquam est corporis qui aspernatur. Consequatur alias non omnis cumque deleniti ratione rerum nam repudiandae. Minima quibusdam quis sit.	NOW()	NOW()
small concrete salad	Laudantium modi dolorem quaerat eum. Eum et ab odio odio laborum non impedit laborum. Pariatur sit tempora dolore cupiditate aut. Autem aut eligendi. Molestiae vero velit et adipisci quia amet.	NOW()	NOW()
handcrafted metal chair	Neque ab est sit. Quisquam sed rerum assumenda porro veritatis. Et explicabo placeat soluta deleniti veritatis aut quaerat maxime. Aperiam voluptas voluptas minus error officia.	NOW()	NOW()
refined fresh pants	Quo perferendis nesciunt iure provident rerum odio. Animi unde molestias minus vitae id quia consequuntur illum. Non officiis ducimus voluptatem rem error autem est. Dolor modi iure maiores iure. Est sit rem laudantium aut quidem. Atque sunt ullam sunt nostrum architecto fugit nihil accusamus.	NOW()	NOW()
handcrafted frozen pizza	Ut voluptate incidunt ut perferendis maiores. Corrupti sint est sapiente exercitationem similique ducimus quisquam quas. Delectus id neque et aut. Eveniet doloribus error quia et excepturi. Voluptatem beatae consequatur consequatur nam exercitationem saepe autem.	NOW()	NOW()
handmade plastic towels	Tempora dignissimos et alias sint hic. Animi velit consequuntur aliquid sit voluptatum accusamus. Nulla earum iure aut ab dignissimos. Veniam eos itaque vel labore dolores officiis quod. Repellat minima explicabo provident nostrum magni occaecati earum.	NOW()	NOW()
refined frozen computer	Sunt quia repellat dolores. Ullam reiciendis voluptates. Est exercitationem dolor. Sit et magni reiciendis necessitatibus ut voluptatem. Culpa sit quo et.	NOW()	NOW()
sleek rubber cheese	Molestiae reiciendis nam facilis eum nam. Natus rem beatae quisquam veniam quo delectus nostrum. Deleniti animi dolorum suscipit totam ipsam facilis ducimus facere ipsa. Ea dolores ullam aliquam quibusdam dolores molestias nostrum. Et rerum vel consequatur voluptatum natus ut beatae pariatur. Animi perspiciatis sunt nihil ab consectetur.	NOW()	NOW()
gorgeous wooden shoes	Voluptatum delectus voluptatibus quis repudiandae. Sit nisi et aut id modi aut consequatur laudantium. Omnis provident a perferendis.	NOW()	NOW()
rustic soft shirt	Omnis sit iure perspiciatis. Earum soluta veniam ea. Quia dolorem voluptates dolorem nesciunt voluptas. Dolores omnis nam dolor laboriosam quis nobis consequatur. Beatae dolorum in non quae velit vel.	NOW()	NOW()
generic steel table	Illo dolor consequatur fugit quam. Esse et sed libero quo et. Labore maiores dolorem quia aut impedit.	NOW()	NOW()
incredible soft pizza	Id iure fugit. Delectus fugiat a. Quo atque dolore laudantium voluptatem et vero reprehenderit. Est consectetur beatae sed autem.	NOW()	NOW()
licensed metal ball	Dolorem suscipit qui ex est. Vitae aliquid corrupti assumenda reiciendis quos molestiae repellat. Veniam laborum quo ducimus soluta dolor quia. Iste natus neque voluptas mollitia a ad quia.	NOW()	NOW()
refined steel shirt	Dolorem voluptatem soluta eaque sint voluptatem aut quia qui. Dolor expedita est reiciendis non id dolorem dolor eius quas. Asperiores perferendis eius. Cupiditate sed minima sint repellendus distinctio ut reprehenderit. Voluptatum id ducimus aut optio enim exercitationem consequuntur asperiores.	NOW()	NOW()
fantastic plastic sausages	Dolorem recusandae fugit quo qui eaque. Reprehenderit voluptates quidem nulla. Tempora aperiam dignissimos officia quis molestiae. Delectus ut est et. Ipsum quia quia eaque possimus. Accusantium reiciendis cumque delectus et modi mollitia.	NOW()	NOW()
fantastic plastic bike	Consequatur consequuntur et. Et commodi quos voluptate vero adipisci. Sit voluptatem velit. Officia debitis rerum qui similique quam numquam. Aut temporibus id a ut quia facere. Quis nostrum qui dicta veritatis ducimus quos neque quasi officia.	NOW()	NOW()
unbranded soft soap	Nisi non deleniti molestiae incidunt quae aliquam minus. Quam et sit dolor inventore impedit aspernatur. Tenetur vitae voluptates harum similique enim illum quaerat repellat quia. Quia quaerat sapiente sit tenetur. Similique est facere aperiam voluptas quis quas. Delectus delectus dignissimos natus laboriosam voluptatem perspiciatis.	NOW()	NOW()
sleek concrete chair	Veritatis veritatis odit. Est reprehenderit et nisi. Velit cum dolorem voluptatem consectetur doloremque. Ad suscipit numquam nam iusto. Non vel enim unde consequatur non non pariatur impedit.	NOW()	NOW()
handmade fresh sausages	Et sit accusantium accusantium dignissimos nulla nesciunt beatae vitae animi. Voluptates rem illo atque quaerat voluptas error cumque perspiciatis porro. Aliquid est incidunt est magni facilis eum. Assumenda delectus natus inventore sint error. Delectus enim in beatae. Beatae iure qui mollitia.	NOW()	NOW()
tasty plastic fish	Iusto eveniet praesentium in laboriosam eos fugit. Natus voluptate aut non voluptas ex. Iure autem odit dolore qui. Amet consectetur quidem dignissimos.	NOW()	NOW()
awesome granite soap	Temporibus quisquam labore placeat. Minus natus voluptatum sint. Nostrum accusamus enim voluptatem rerum veritatis ut repudiandae accusantium. Repellat reiciendis fuga rem nostrum incidunt numquam ab provident. Magnam debitis aut qui doloribus vel. Eaque amet quis qui veritatis aut praesentium.	NOW()	NOW()
handcrafted frozen sausages	Aut et dolor repudiandae. Iure provident culpa voluptatem perspiciatis perferendis perspiciatis commodi. Perspiciatis quidem consequuntur necessitatibus quia enim et beatae commodi. Unde adipisci magni optio repudiandae. Nihil enim autem mollitia corrupti dolorum deleniti. Saepe ipsam exercitationem dolor quia veritatis unde saepe.	NOW()	NOW()
unbranded concrete towels	Esse hic sunt dolor voluptatem est facere. Quo id aperiam et inventore quaerat explicabo eius. Delectus minima ipsum quam porro iure architecto dolor fuga. Natus sequi praesentium eius. Consequuntur id voluptatibus inventore.	NOW()	NOW()
unbranded plastic chicken	Vel aliquid pariatur nam autem est impedit soluta expedita. Aut et possimus eum. Quo iste et ut maxime animi fugit nihil.	NOW()	NOW()
unbranded soft table	Saepe quasi temporibus qui aliquid quis quia ea. Explicabo et adipisci quam tenetur hic quo. Magnam architecto accusamus delectus.	NOW()	NOW()
awesome soft tuna	Deleniti eaque velit rerum et. Vel nemo sunt fugit dolore voluptatem error. Id in quam quia incidunt. Quod illum qui incidunt facilis necessitatibus ut. Mollitia dignissimos totam. Voluptatem corporis aut sit et repudiandae.	NOW()	NOW()
incredible metal hat	In consequuntur iusto sed eum recusandae. Magnam ut sequi voluptatem. Neque et enim autem. Ut saepe qui.	NOW()	NOW()
ergonomic cotton salad	Aut quisquam perspiciatis qui et blanditiis. Sunt voluptatem repellendus adipisci est eum sit culpa omnis consequatur. Mollitia ipsum magnam.	NOW()	NOW()
incredible metal hat	Earum ea quia qui incidunt. Omnis dolores maiores perferendis repudiandae est nobis est et. Et perferendis qui autem est natus.	NOW()	NOW()
gorgeous rubber table	Dolorem velit laudantium nostrum est ad assumenda rerum. Quisquam temporibus eum. Nihil numquam non culpa alias laudantium. Ut blanditiis exercitationem quasi voluptatem qui.	NOW()	NOW()
intelligent concrete bike	Et velit sit sunt a quia omnis. Quo modi unde voluptatem non vero harum tenetur et. Nihil repellat distinctio quibusdam consequatur voluptatem. Quis et reprehenderit et molestias quam. Accusantium repudiandae repudiandae quo qui illum.	NOW()	NOW()
licensed soft bacon	Ex delectus eos commodi. Ipsa itaque autem ex culpa quod laudantium. Nostrum minus non perspiciatis facere rerum. Quam itaque quia impedit labore ullam est ad minus delectus.	NOW()	NOW()
refined plastic tuna	Alias nihil ducimus. At voluptates temporibus ut. Et aut autem vitae nobis.	NOW()	NOW()
licensed wooden soap	Et illum voluptas nostrum. Eum dolores perspiciatis. Fugiat quia tenetur. Laboriosam voluptas qui.	NOW()	NOW()
small rubber bike	Officiis et expedita consectetur sequi atque quam molestias. Qui quo explicabo quia delectus minus ea praesentium aut. Ullam dolorem ea ipsam asperiores sint. Occaecati non ea aut nihil quia omnis dicta et. Ut dolore tempore saepe iste maiores pariatur.	NOW()	NOW()
unbranded soft table	Laborum impedit exercitationem quis alias magni et. Quos et et. Aut blanditiis voluptatem. Voluptas fugit et.	NOW()	NOW()
awesome cotton bacon	Quisquam qui incidunt aut ipsam autem debitis porro suscipit. Fugiat sed nostrum quia delectus doloremque non neque. Nobis sunt omnis adipisci fuga. Excepturi labore fuga laborum repellat placeat molestiae cumque reiciendis commodi.	NOW()	NOW()
unbranded wooden cheese	Amet consequuntur est ut corrupti beatae et tenetur. Saepe praesentium fugiat laboriosam. Quam ipsa non est officia sint. Commodi quo facilis adipisci.	NOW()	NOW()
intelligent plastic pants	Itaque inventore voluptate at ut voluptas. Et et esse non quia. Aperiam omnis vel officiis rerum molestiae sequi ratione. Saepe rerum et et. Tempore exercitationem perspiciatis labore placeat corporis consequatur officia impedit.	NOW()	NOW()
fantastic rubber computer	Dignissimos adipisci sint quis enim est cumque. Molestiae temporibus nihil quod quo mollitia. Consequatur sed odit autem est. Voluptas perferendis ipsam aspernatur enim fugit velit aperiam.	NOW()	NOW()
refined steel sausages	Labore sed nihil. Rerum illum et perspiciatis odit rem aperiam beatae aut eaque. Eum sit rerum quos sed ut ut. Suscipit fugit quas enim facilis sit quam.	NOW()	NOW()
awesome concrete bacon	Ullam id quibusdam nisi consequatur quibusdam nihil rerum recusandae sed. Iste illo fugit eveniet perspiciatis adipisci odio a nemo alias. Optio totam dolorem repellendus voluptatum odit in possimus.	NOW()	NOW()
refined plastic bacon	Aut voluptas maxime atque quo quia et quod. Dolorem nemo libero. Assumenda veritatis voluptatem totam exercitationem blanditiis harum. Eligendi reiciendis porro et dolores et velit minima perferendis. Dolorem assumenda dolor. Nam vel doloremque ab numquam et ut.	NOW()	NOW()
small rubber computer	Cumque ullam est est amet id optio dolores. Explicabo illo quas et et sed fuga. Delectus velit corrupti nulla.	NOW()	NOW()
generic rubber table	Nihil explicabo totam autem nisi veritatis. Assumenda modi nisi nihil. Non repellat dolor molestias odio veniam quidem. Voluptatem culpa dolorem. Placeat dignissimos laudantium delectus. Et animi aliquam quas velit rerum libero molestiae est ratione.	NOW()	NOW()
sleek steel bike	Ipsa veritatis voluptatum rerum suscipit ullam magni expedita. Expedita quam sed pariatur dolore officia. Ad laborum rem et animi.	NOW()	NOW()
awesome wooden ball	Voluptatibus ipsam voluptatibus harum et quo veniam voluptas quae facere. Asperiores quidem laudantium. Ut rerum nihil voluptate vero odio.	NOW()	NOW()
small wooden hat	Rerum ut occaecati. Eum temporibus alias voluptatem dolores sunt iste quis veritatis provident. Ea cum culpa atque dicta.	NOW()	NOW()
handcrafted concrete hat	Ratione delectus voluptatem sit accusamus laborum. Consequatur nulla placeat rerum recusandae et earum. Ut sunt harum. Totam aut dolores totam quod voluptatem sunt quas omnis cupiditate.	NOW()	NOW()
ergonomic rubber tuna	Vero praesentium fuga quibusdam facilis molestiae corrupti hic quasi. Ut qui magnam culpa. Ad vero modi. Corrupti dignissimos deserunt sit provident quibusdam ut dicta. Nihil neque quia delectus excepturi sed.	NOW()	NOW()
